<beans xmlns="http://www.springframework.org/schema/beans"
	xmlns:xsi="http://www.w3.org/2001/XMLSchema-instance" 
	xmlns:context="http://www.springframework.org/schema/context"
	xmlns:tx="http://www.springframework.org/schema/tx"
	xsi:schemaLocation="http://www.springframework.org/schema/beans
        https://www.springframework.org/schema/beans/spring-beans.xsd
        http://www.springframework.org/schema/context
        https://www.springframework.org/schema/context/spring-context.xsd
        http://www.springframework.org/schema/tx
        https://www.springframework.org/schema/tx/spring-tx.xsd">

	<!-- Loading annotated classes/beans -->
	<context:component-scan base-package="com.lti.dao,com.lti.controller,com.lti.service" />


	<!-- DataSource configuration -->
	<bean id="oracleDS" class="org.apache.commons.dbcp2.BasicDataSource"
		destroy-method="close">
		<property name="driverClassName" value="oracle.jdbc.driver.OracleDriver" />
		<property name="url" value="jdbc:oracle:thin:@192.168.100.240:1521:XE" />
		<property name="username" value="bus_admin" />
		<property name="password" value="password" />
	</bean>


	<!-- ========== Spring ORM/JPA Configuration =========== -->
	<!-- This bean will create the EntityManagerFactory object
	for us when using JPA. Also there is no need of 
	META-INF/persistence.xml file, since all the ORM settings
	can be done within this bean definition itself -->
	<bean id="myEmf"
		class="org.springframework.orm.jpa.LocalContainerEntityManagerFactoryBean">
		<property name="dataSource" ref="oracleDS" /> <!-- Database settings -->
		<property name="packagesToScan" value="com.lti.entity" /> <!-- @Entity class location -->
		<property name="jpaVendorAdapter">
			<bean class="org.springframework.orm.jpa.vendor.HibernateJpaVendorAdapter" />
		</property>
		<property name="jpaProperties">
			<props>
				<prop key="hibernate.show_sql">true</prop>
			</props>
		</property>
	</bean>

	<!-- This bean will manage all the begin/commit/rollback -->
	<bean id="transactionManager" class="org.springframework.orm.jpa.JpaTransactionManager">
		<property name="entityManagerFactory" ref="myEmf" />
	</bean>
	<tx:annotation-driven />
	
	<!-- Enabling support for File Upload in Spring MVC -->
	<bean id="multipartResolver" class="org.springframework.web.multipart.commons.CommonsMultipartResolver">
        <property name="maxUploadSizePerFile" value="52428800"/>
    </bean>
	
	<!--  This bean will manage email -->
	  <bean id="mailSender" class="org.springframework.mail.javamail.JavaMailSenderImpl">
        <property name="host" value="smtp.office365.com"/>
        <property name="port" value="587" />
        <property name="username" value=""/>
        <property name="password" value=""/>
        <property name="javaMailProperties">
            <props>
                <prop key="mail.transport.protocol">smtp</prop>
                <prop key="mail.smtp.auth">true</prop>
                <prop key="mail.smtp.starttls.enable">true</prop>
                <prop key="mail.debug">true</prop>
                <prop key="mail.smtp.connecttimeout">50000</prop>
                <prop key="mail.smtp.timeout">30000</prop>
                <prop key="mail.smtp.writetimeout">50000</prop>
            </props>
        </property>
    </bean> 
    
    <bean id="preConfiguredMessage" class="org.springframework.mail.SimpleMailMessage">
        <property name="from" value=""></property>
    </bean> 
	

</beans>
